Droid_Sans/DroidSans-Bold.ttf
Droid_Sans/DroidSans.ttf
Crimson_Text/CrimsonText-Semibold.ttf
Crimson_Text/CrimsonText-Bold.ttf
Cabin_Condensed/CabinCondensed-Regular.ttf
Cabin_Condensed/CabinCondensed-SemiBold.ttf
Cabin_Condensed/CabinCondensed-Medium.ttf
Cabin_Condensed/CabinCondensed-Bold.ttf
Indie_Flower/IndieFlower.ttf
Inconsolata/Inconsolata-Regular.ttf
Inconsolata/Inconsolata-Bold.ttf
Open_Sans_Condensed/OpenSans-CondBold.ttf
Dosis/Dosis-ExtraBold.ttf
Dosis/Dosis-SemiBold.ttf
Dosis/Dosis-Medium.ttf
Dosis/Dosis-Regular.ttf
Dosis/Dosis-Bold.ttf
Lora/Lora-Bold.ttf
Lora/Lora-Regular.ttf
Cabin/Cabin-Regular.ttf
Cabin/Cabin-Medium.ttf
Cabin/Cabin-Bold.ttf
Cabin/Cabin-SemiBold.ttf
Bitter/Bitter-Regular.ttf
Bitter/Bitter-Bold.ttf
Droid_Serif/DroidSerif-Bold.ttf
Droid_Serif/DroidSerif.ttf
Arvo/Arvo-Regular.ttf
Arvo/Arvo-Bold.ttf
ubuntumono/UbuntuMono-Regular.ttf
PT_Sans/PT_Sans-Web-Regular.ttf
PT_Sans/PT_Sans-Web-Bold.ttf
Open_Sans/OpenSans-ExtraBold.ttf
Open_Sans/OpenSans-Bold.ttf
Open_Sans/OpenSans-Regular.ttf
Open_Sans/OpenSans-Semibold.ttf
Anton/Anton-Regular.ttf
ubuntucondensed/UbuntuCondensed-Regular.ttf
Fjalla_One/FjallaOne-Regular.ttf
ubuntu/Ubuntu-Bold.ttf
Oswald/Oswald-Medium.ttf
Oswald/Oswald-SemiBold.ttf
Oswald/Oswald-Bold.ttf
Oswald/Oswald-Regular.ttf
Lato/Lato-Black.ttf
Lato/Lato-Bold.ttf
Lato/Lato-Hairline.ttf
Lato/Lato-Regular.ttf
Arimo/Arimo-Regular.ttf
Arimo/Arimo-Bold.ttf
Montserrat/Montserrat-Black.ttf
Montserrat/Montserrat-ExtraBold.ttf
Montserrat/Montserrat-SemiBold.ttf
Montserrat/Montserrat-Bold.ttf
Montserrat/Montserrat-Thin.ttf
Montserrat/Montserrat-Medium.ttf
Montserrat/Montserrat-Regular.ttf
